date,username,to,replies,retweets,text,mentions,hashtags,permalink
2020-02-03 23:46:52,In_Dave_idual,,0,0,Hi Leo @LeoVaradkar Would you now consider working with Sinn Fein if it meant you could be Tanaiste next week? #GE2020 #FineGael #SinnFein,@LeoVaradkar,#GE2020 #FineGael #SinnFein,https://twitter.com/In_Dave_idual/status/1224479396666511360
2020-02-03 23:23:32,mschiyabelle,IrishTimes,0,5,The #FiannaFail &amp; #FineGael strategy of ganging up on Mary Lou has backfired spectacularly. It appears they have but a few days to dig themselves out of a hole. There's a karmic beauty to it #GE2020,,#FiannaFail #FineGael #GE2020,https://twitter.com/mschiyabelle/status/1224473522392764417
2020-02-03 23:14:50,SuareSully,,0,0,#cblive .. Again on climate change we will be paying for the mistakes of #FineGael for years to come in more taxes! Middle class families are crippled in this country!,,#cblive #FineGael,https://twitter.com/SuareSully/status/1224471336963190790
2020-02-03 23:09:49,avrillynch82,FineGael,0,1,"Yet #FineGael @Damien_English gave the go ahead to #BioAtlantis to harvest 1840 acres of #Kelp in #Bantry Bay. #Kelp not only helps in preserving marine biodiversity, but for sequestering and locking away carbon for years. #CBLive #ClimateEmergency #GE2020",@Damien_English,#FineGael #BioAtlantis #Kelp #Bantry #Kelp #CBLive #ClimateEmergency #GE2020,https://twitter.com/avrillynch82/status/1224470072627994625
2020-02-03 23:05:58,of_playlist,,0,0,#GE2020 You can‚Äôt seriously propose a carbon tax on poor families at the same time as offering tax cuts to households on 100K a year. If you want to know why you are losing #FineGael that‚Äôs why.,,#GE2020 #FineGael,https://twitter.com/of_playlist/status/1224469101692833792
2020-02-03 23:00:47,avrillynch82,FineGael,0,0,"#FineGael @Damien_English gave the go ahead to #BioAtlantis to harvest 1840 acres of #Kelp in #Bantry Bay. #Kelp not only helps in preserving marine biodiversity, but for sequestering and locking away carbon for years. #ClimateEmergency #GE2020",@Damien_English,#FineGael #BioAtlantis #Kelp #Bantry #Kelp #ClimateEmergency #GE2020,https://twitter.com/avrillynch82/status/1224467800414138369
2020-02-03 22:58:41,JustPMac,,0,0,"Pointless football/politics comparison. Klopp couldn't turn it around for #FineGael at this stage. They need Big Sam. #FiannaFail are Man United, remembering former glories but currently aimless and the squad isn't there. #SinnFein are Leicester City 2015/2016. #GE2020 #Poll",,#FineGael #FiannaFail #SinnFein #GE2020 #Poll,https://twitter.com/JustPMac/status/1224467270992322561
2020-02-03 22:53:41,richardferris73,,0,2,So jack thinks the Greens will lead us to blackouts and #Sinnfein will bankrupt us...we should elect #Fiannafail and #finegael for the next hundred years..... oh wait we did #cblive #timeforchange,,#Sinnfein #Fiannafail #finegael #cblive #timeforchange,https://twitter.com/richardferris73/status/1224466010461351939
2020-02-03 22:44:27,loosehead62,,0,0,Richard Briton and #FineGael want home owners to borrow and pay up upgrade their homes to Green targets! While they allowed builders to self police construction standards over several years!,,#FineGael,https://twitter.com/loosehead62/status/1224463686854684673
2020-02-03 22:44:10,avrillynch82,FineGael,0,2,"#FineGael @Damien_English gave the go ahead to #BioAtlantis to harvest 1840 acres of #Kelp in #Bantry Bay. #Kelp not only helps in preserving marine biodiversity, but for sequestering and locking away carbon for years. #ClimateEmergency @BBKelpForest #GE2020",@Damien_English @BBKelpForest,#FineGael #BioAtlantis #Kelp #Bantry #Kelp #ClimateEmergency #GE2020,https://twitter.com/avrillynch82/status/1224463618349195265
2020-02-03 22:43:40,andreakirwan,,0,0,Ok #FineGael talking about value for money is rich tbh #cblive,,#FineGael #cblive,https://twitter.com/andreakirwan/status/1224463490896814081
2020-02-03 22:41:34,xantia8,,1,0,"#cblive People in #SocialHousing are better off than those of us that are trying to pay our mortgages . How are we going to pay for #Retro fitting ? Sick of seeing people getting handouts . ‚Ç¨1,000 would not cover retrofitting your house #FineGael #FiannaF√°il #EoinOBroin",,#cblive #SocialHousing #Retro #FineGael #FiannaF #EoinOBroin,https://twitter.com/xantia8/status/1224462965002375168
2020-02-03 22:40:47,loudymay,colettebrowne,0,0,"#FineGael ‚Äòs problem is that they never understood the concept of ‚Äú Two ears, one mouth , use proportionally ‚Äú #@LeoVaradkar @Paschald",@Paschald,#FineGael,https://twitter.com/loudymay/status/1224462765403799552
2020-02-03 22:39:35,mrdavidflane,SineadOCarroll,2,0,There must be some in #FineGael asking why they ever dispensed with him. #GE2020 #cblive,,#FineGael #GE2020 #cblive,https://twitter.com/mrdavidflane/status/1224462464827494400
2020-02-03 22:39:06,MrPaulHehir,,0,0,Interesting that #FineGael and #FiannaFail have both ruled out coalition with #SinnFein None of them have ruled out a confidence and supply agreement with a minority government. Just saying! #GeneralElection2020 @ClaireByrneLive #GE2020 @MaryLouMcDonald @LeoVaradkar,@ClaireByrneLive @MaryLouMcDonald @LeoVaradkar,#FineGael #FiannaFail #SinnFein #GeneralElection2020 #GE2020,https://twitter.com/MrPaulHehir/status/1224462340550209541
2020-02-03 22:33:00,stonking,,0,1,If you know anyone who pronounces 'car' as 'cor' please check up on them tonight. #Election2020 #togh2020 #GE20 #FineGael #SinnF√©in #SinnFein #FiannaFail,,#Election2020 #togh2020 #GE20 #FineGael #SinnF #SinnFein #FiannaFail,https://twitter.com/stonking/status/1224460805287997440
2020-02-03 22:28:07,andreakirwan,,0,0,#FineGael are so full of shit. I just can‚Äôt. #cblive,,#FineGael #cblive,https://twitter.com/andreakirwan/status/1224459578747822082
2020-02-03 22:25:59,EndaSeanByrne,,0,0,"But here though, actually imagine voting for Leo, Simon or Eoghan in their respective constituencies. #GE2020 #Togh2020 #FineGael",,#GE2020 #Togh2020 #FineGael,https://twitter.com/EndaSeanByrne/status/1224459040622817281
2020-02-03 22:24:35,avrillynch82,FineGael,1,2,"#FineGael gave a licence to #BioAtlantis to mechanically harvest #SeaKelp. The importance of kelp not only for preserving marine biodiversity, but for sequestering and locking away carbon for years. How does thiswork with your Climate action?????? #Bantry would like to know?",,#FineGael #BioAtlantis #SeaKelp #Bantry,https://twitter.com/avrillynch82/status/1224458688246833152
2020-02-03 22:23:29,WiltshireDev,,0,0,Wow @the Red C poll which appears to indicate #SinnFein are drawing level with FF -- while hopeless Irish Tory Party #FineGael are on a huge downward slide Change is coming : thank you #Brexiteers :-),,#SinnFein #FineGael #Brexiteers,https://twitter.com/WiltshireDev/status/1224458411233828865
2020-02-03 22:22:01,Ross_maybs,,2,0,"Hey peeps. Don‚Äôt vote #SinnFein. You hate #FiannaFail for wrecking the economy in 2009? Wait til you see what the #shinners can do! By all means rage against #FineGael &amp; their record on housing &amp; health but don‚Äôt shoot yourself in the foot while you do it, pardon the pun! #GE2020",,#SinnFein #FiannaFail #shinners #FineGael #GE2020,https://twitter.com/Ross_maybs/status/1224458041904390144
2020-02-03 22:12:15,PFQMUSIC,,1,5,So #FineGael may have lied about the most recent homelessness figures to win #GE2020z that went well. #SinnFein ‚ÄòNothing is adding up' - Charity asks for clarification on December's drop in homelessness numbers,,#FineGael #GE2020z #SinnFein,https://twitter.com/PFQMUSIC/status/1224455585447333889
2020-02-03 22:11:50,mimsmo,,0,0,#cblive #OneFuture2920 #ClimateVote2020 #FineGael Richard Bruton reverting to plans /strategies and no specifics,,#cblive #OneFuture2920 #ClimateVote2020 #FineGael,https://twitter.com/mimsmo/status/1224455481650892801
2020-02-03 22:09:33,Grexnix,jonnyfallon,0,0,Nothing is impossible for #FineGael when it comes to popularity contest. They have no clue. They are the Rees Mogg of Irish parties.,,#FineGael,https://twitter.com/Grexnix/status/1224454906989297664
2020-02-03 22:08:25,rockyflame45495,,0,0,There will be NO change if #FineGael or #FiannaFail get in. That's why we need @EamonRyan @TateForTD @eoinmadden @oliver_moran @cathmartingreen @saoirse_mchugh and @louheavin to get elected to The D√°il. They will bring a green voice. #WantGreenVoteGreen #GeneralElection2020,@EamonRyan @TateForTD @eoinmadden @oliver_moran @cathmartingreen @saoirse_mchugh @louheavin,#FineGael #FiannaFail #WantGreenVoteGreen #GeneralElection2020,https://twitter.com/rockyflame45495/status/1224454621076152322
2020-02-03 22:01:06,mimsmo,,0,0,#cblive #GE2020 #ClinateVote2020 #OneFuture2020 Vital focus on real targets to reduce carbon emissions and on the colabaration essential for fair and just transition to low emission world. #FineGael and #FineFail very poor record to date,,#cblive #GE2020 #ClinateVote2020 #OneFuture2020 #FineGael #FineFail,https://twitter.com/mimsmo/status/1224452777947975681
2020-02-03 21:54:51,patrickconlon87,,0,0,"Imagine if @sinnfeinireland get in power. Trump, Boris, Mary Lou and Kim Jong Un going together for a chicken fillet roll in Centra. #GE2020 #GeneralElection2020 #SinnFein #FiannaFail #FineGael #taoiseach",@sinnfeinireland,#GE2020 #GeneralElection2020 #SinnFein #FiannaFail #FineGael #taoiseach,https://twitter.com/patrickconlon87/status/1224451208623951874
2020-02-03 21:46:42,kerrigantweet,,0,0,So a quarter of the nation now have a preference for #SinnFein and our two largest parties are still saying no to a coalition with them?! #GE2020 #FineF√°il #FineGael wake up and the ‚òïÔ∏è lads...,,#SinnFein #GE2020 #FineF #FineGael,https://twitter.com/kerrigantweet/status/1224449155373793285
2020-02-03 21:42:24,PFQMUSIC,,3,4,Will #FineGael now jettison Varadkar for Coveney or Donohoe as leader? His performance over the last two and a half years has obliterated the blue-shirts. #SinnFein #IrishTimesPoll,,#FineGael #SinnFein #IrishTimesPoll,https://twitter.com/PFQMUSIC/status/1224448073327239169
2020-02-03 21:35:29,pakawak,IrishTimes,0,0,"Wow... as they say, a week in politics is a long time. #howthemightyhavefallen #GE2020 #FiannaFail #FineGael #SinnFein",,#howthemightyhavefallen #GE2020 #FiannaFail #FineGael #SinnFein,https://twitter.com/pakawak/status/1224446331000721412
2020-02-03 21:34:23,PFQMUSIC,Raqlou1,0,0,Check out this #FineGael bot. Desperate times call for desperate measures. ,,#FineGael,https://twitter.com/PFQMUSIC/status/1224446055552409601
2020-02-03 21:28:43,Grexnix,FineGael,0,0,Ok. So we better not vote #FineGael then. Good to know. Forward it is.,,#FineGael,https://twitter.com/Grexnix/status/1224444628226560002
2020-02-03 20:20:40,JohnMulqueen12,fallon_donal,0,0,There was a class dimension to the 1932 election. Always a class dimension to elections. #GE20 #FiannaFail #FineGael @GaryMurphyDCU @CarolCoulter17 @alisonoconn @gibneyjfp @JohnOBrennan2,@GaryMurphyDCU @CarolCoulter17 @alisonoconn @gibneyjfp @JohnOBrennan2,#GE20 #FiannaFail #FineGael,https://twitter.com/JohnMulqueen12/status/1224427506524196864
2020-02-03 19:57:51,accasinfo,,1,4,Disabled veterans of #IrishAirCorps chemical exposure tragedy are asking the people of #Wexford please #DontVote4Kehoe in #GE2020 We asked for help @campaign4kehoe said NO #FineGael #77Dead #DelayDenyDie @EastVeterans @WPDF_2017 #Enniscorthy #VinegarHill #StrengthenTheNation,@campaign4kehoe @EastVeterans @WPDF_2017,#IrishAirCorps #Wexford #DontVote4Kehoe #GE2020 #FineGael #77Dead #DelayDenyDie #Enniscorthy #VinegarHill #StrengthenTheNation,https://twitter.com/accasinfo/status/1224421762282196993
2020-02-03 19:16:17,imallrightme197,FineGael,1,0,How many white collar criminals who bankrupted the country were prosecuted by #FineGael in the last 8 years? Tough on crime ? #GE20,,#FineGael #GE20,https://twitter.com/imallrightme197/status/1224411300119371776
2020-02-03 18:41:08,Mary_Morris1,,0,0,Where do you think #FiannaFail &amp; #FineGael came from? A huge field of pretty flowers?,,#FiannaFail #FineGael,https://twitter.com/Mary_Morris1/status/1224402457490546688
2020-02-03 18:41:04,greenshame,,0,0,Ireland‚Äôs National Debt has increased by ‚Ç¨100+ Billion since 2010 thanks to #FineGael &amp; #FiannaFail #GE2020,,#FineGael #FiannaFail #GE2020,https://twitter.com/greenshame/status/1224402437345247232
2020-02-03 18:33:49,sickboydub,ellenmcoyne,0,0,"Is that Venezuela who democratically elected their leader , unlike Ireland and the man himself Leo Varadkar #leovaradkar #FineGael",,#leovaradkar #FineGael,https://twitter.com/sickboydub/status/1224400616480497664
2020-02-03 18:24:30,jimfitzpatrick,angiebeeb,0,3,He even has the contract to ring fence the D√°il to protect the corrupt thugs inside from an enraged people tired of his enablers in #FineGael.,,#FineGael,https://twitter.com/jimfitzpatrick/status/1224398270228844544
2020-02-03 18:07:31,GerryMolumby,theirishpost,0,0,More concerning to Irish Abroad #FiannaFail have not included to government promised @VICAcampaign in presidential elections..in their manifesto !. Hats off to #FineGael ,@VICAcampaign,#FiannaFail #FineGael,https://twitter.com/GerryMolumby/status/1224393997998796802
2020-02-03 18:00:06,WicklowFineGael,,0,0,Educational investment in #Wicklow by @FineGael ‚Ç¨119m spent on new buildings since 2011 15 new schools built Investing in teachers Investing in digital facilities #LookForward #FineGael #TeamWicklow #GE2020,@FineGael,#Wicklow #LookForward #FineGael #TeamWicklow #GE2020,https://twitter.com/WicklowFineGael/status/1224392129667092480
2020-02-03 18:00:03,BrayFine,,0,0,Educational investment in #Wicklow by @FineGael ‚Ç¨119m spent on new buildings since 2011 15 new schools built Investing in teachers Investing in digital facilities #LookForward #FineGael #TeamWicklow #GE2020,@FineGael,#Wicklow #LookForward #FineGael #TeamWicklow #GE2020,https://twitter.com/BrayFine/status/1224392116169793537
2020-02-03 17:57:37,Us_Irish,BigPaulieDoyle,0,0,Just in case you want to know #FineGael priorities! ,,#FineGael,https://twitter.com/Us_Irish/status/1224391505382649859
2020-02-03 17:47:50,dezfonz,,0,0,#RTEbias #FineGael #FiannaFail Ireland the banking cover up still alive 12 years on #SinnFein #PBP,,#RTEbias #FineGael #FiannaFail #SinnFein #PBP,https://twitter.com/dezfonz/status/1224389042168586240
2020-02-03 17:44:41,PeterCullen,,0,0,Looking forward to @MaryLouMcDonald asking Leo about the total mismanagement of the insurance industry under his watch and how we're as far away as ever from real insurance reform. #GE2020 #FineGael #SinnFein,@MaryLouMcDonald,#GE2020 #FineGael #SinnFein,https://twitter.com/PeterCullen/status/1224388251131240448
2020-02-03 17:29:29,avrillynch82,simoncoveney,0,0,Trust #FineGael thats laughable.,,#FineGael,https://twitter.com/avrillynch82/status/1224384424881676289
2020-02-03 17:22:21,GerryMolumby,,0,0,#FineGael and @LeoVaradkar promise Irish presidential vote within the year ! Welcomed by me @SenBillyLawless and @VICAcampaign Details https://election2020.finegael.ie/pdf/FG_GE20_Manifesto.pdf,@LeoVaradkar @SenBillyLawless @VICAcampaign,#FineGael,https://twitter.com/GerryMolumby/status/1224382629312712705
2020-02-03 16:08:00,HNow33,,0,0,I'd join #Scientology quicker than I'd join #FineGael or #FiannaFail... Bunch of Cults..... I said Cults #GE20 #GE2020,,#Scientology #FineGael #FiannaFail #GE20 #GE2020,https://twitter.com/HNow33/status/1224363916983242757
2020-02-03 15:34:47,dinglesprout,walls2,0,0,#FineGael Looking after their friends in the private sector.,,#FineGael,https://twitter.com/dinglesprout/status/1224355561682219010
2020-02-03 15:31:40,artohara,runyourmouthoff,0,0,"Many of @FineGael, including #LeoVaradkar, @CharlieFlanagan, @FitzgeraldFrncs &amp; other establishment figures should be in jail for what they done to #MauriceMcCabe, which also resulted in massive loss of ‚Ç¨millions to taxpayer. A reason why #FineGael TD‚Äôs cannot be re-elected.",@FineGael @CharlieFlanagan @FitzgeraldFrncs,#LeoVaradkar #MauriceMcCabe #FineGael,https://twitter.com/artohara/status/1224354773354283010
2020-02-03 15:16:39,ComedyLeitrim,,0,0,"Varadkar is campaiging with eamon ryan ""green"" party, diminutive brennie howlin,richard boyd ferret in #tipperary #limerick today. Ryan promising free broccoli juice for a vote. Baradkar is promising irish times/rte hacks #finegael will INCREASE supply of cocaine after #GE2020",,#tipperary #limerick #finegael #GE2020,https://twitter.com/ComedyLeitrim/status/1224350995209248773
2020-02-03 14:55:52,luke_silke,,0,6,"Ah this ""backwoodsmen"" craic didn't take long... What way is the wind blowing today lads? FG voted against rescuing migrants. Also voted against pain relief for the unborn child prior to late term abortion. #FineGael #LeoVaradkar #GE2020 #GeneralElection2020 #SimonHarris",,#FineGael #LeoVaradkar #GE2020 #GeneralElection2020 #SimonHarris,https://twitter.com/luke_silke/status/1224345767323881478
2020-02-03 14:48:36,SeanKellyMEP,,0,0,"Drove over 2,000k over the last few days, meeting constituents & working to promote @FineGael candidates fine credentials #GE2020 .Now is the time to concentrate on #canvasweek .Sunday, we can consider #Poll that matters-people‚Äôs vote! #LookForward @EPPGroup #FineGael ",@FineGael @EPPGroup,#GE2020 #canvasweek #Poll #LookForward #FineGael,https://twitter.com/SeanKellyMEP/status/1224343937172766720
2020-02-03 14:30:10,wildrover4711,,0,0,"@McHughJoeTD Look who's knocking on your door, your in trouble. #FineGael FOR ONE WEEK ONLY. CE SUPERVIRUS coming to a town near you. #GE2020 #nopensionnovote @vincekearney @ingridmileyRTE",@McHughJoeTD @vincekearney @ingridmileyRTE,#FineGael #GE2020 #nopensionnovote,https://twitter.com/wildrover4711/status/1224339296896847874
2020-02-03 14:14:43,PFQMUSIC,,1,0,I am constantly hammering #FineGael and #Varadkar for their cruelty and detachment from societal suffering. However the foetus pictures circulating from the prolife extremists in relation to them are a step too far.,,#FineGael #Varadkar,https://twitter.com/PFQMUSIC/status/1224335411671158784
2020-02-03 14:12:57,maryodwyer31,caulmick,1,1,"Are we supposed to be surprised? Anyway If they had visited him it would have been displayed for all to see, ahem.....election time! Could have gone to see him as one human to another perhaps? #FineGael #whereistheempathy #noemotionalintelligence #GeneralElection2020 #GE2020",,#FineGael #whereistheempathy #noemotionalintelligence #GeneralElection2020 #GE2020,https://twitter.com/maryodwyer31/status/1224334964772175878
2020-02-03 14:10:53,PFQMUSIC,MurphyEoghan,2,4,"You have no political future, Eoghan. And I don‚Äôt mean to be offensive, I‚Äôm merely stating the obvious. I do, however, think you would be a great menswear catalogue model. The sky is the limit. #FineGael #GE2020",,#FineGael #GE2020,https://twitter.com/PFQMUSIC/status/1224334447434174464
2020-02-03 14:05:32,greenshame,,0,3,"#FiannaFail &amp; #FineGael have #Ireland in hock up to ‚Ç¨220+ Billion... ‚Ç¨42,000+ for every person in the country.! But the TD‚Äôs still get their pensions. #GE2020",,#FiannaFail #FineGael #Ireland #GE2020,https://twitter.com/greenshame/status/1224333098424455168
2020-02-03 13:56:13,AnkhMorporker,,0,2,Someone in Phibsborough is not voting Fine Gael... #GE2020 #FineGael ,,#GE2020 #FineGael,https://twitter.com/AnkhMorporker/status/1224330756132044801
2020-02-03 13:55:09,PFQMUSIC,PaulAnthonyWard,0,2,A bizarre campaign from the beginning andgerting more strange by the day. #FineGael #GE2020,,#FineGael #GE2020,https://twitter.com/PFQMUSIC/status/1224330487881175040
2020-02-03 13:51:00,Cat_1964,,0,0,6.00pm #LeoVaradkar #Leader #FineGael 6.30pm #BrendanHowlin #LabourParty; #CatherineMurphy #SocialDemocraticParty; #RichardBoydBarrett #PeopleBeforeProfit; #EamonRyan #GreenParty 7.00pm #Miche√°lMartin Leader #FiannaF√°il 7.30pm #MaryLouMcDonald Leader #SinnF√©in,,#LeoVaradkar #Leader #FineGael #BrendanHowlin #LabourParty #CatherineMurphy #SocialDemocraticParty #RichardBoydBarrett #PeopleBeforeProfit #EamonRyan #GreenParty #Miche #FiannaF #MaryLouMcDonald #SinnF,https://twitter.com/Cat_1964/status/1224329442849325056
2020-02-03 13:44:44,altFIRE,,0,0,The leader we deserve https://www.talkofthetown.ie/batman-appears-on-election-poster-in-dundalk #GeneralElection2020 #FineGael #leovaradkar,,#GeneralElection2020 #FineGael #leovaradkar,https://twitter.com/altFIRE/status/1224327862938996736
2020-02-03 13:39:32,PFQMUSIC,nb_12_21,0,0,"Is that you, Regina? Eoghan? 2 followers. #FineGael #GE2020",,#FineGael #GE2020,https://twitter.com/PFQMUSIC/status/1224326556174168064
2020-02-03 13:37:17,PFQMUSIC,BigPaulieDoyle,0,1,This is a hugely important tweet and to me sums up exactly the problem with our current leaders. #FineGael #GE2020,,#FineGael #GE2020,https://twitter.com/PFQMUSIC/status/1224325990874259459
2020-02-03 13:25:01,ManachainO,Elainemca78,1,2,"Anyone who votes for millionaire landlords, whilst our people lie homeless on our streets, should hang their heads in shameüò† #FiannaFail #FineGael",,#FiannaFail #FineGael,https://twitter.com/ManachainO/status/1224322903216394243
2020-02-03 13:15:35,jimfitzpatrick,,1,5,"Look at how #FineGael tried to screw @WebSummit, forced it out of Ireland? Start there: 'Poll: Do you think the next Government needs to do more to help Irish startups? https://fora.ie/startup-government-4983156-Jan2020/?utm_source=twitter via @fora_ie",@WebSummit @Fora_ie,#FineGael,https://twitter.com/jimfitzpatrick/status/1224320530058182657
2020-02-03 13:07:06,jimfitzpatrick,ISACSIreland,0,2,"Watch as nothing happens. The arrogant, unregulated legal cartel control both #FineGael and #FiannaF√°il, probably #SinnF√©in too? Not one politician will dare take them on. #InsuranceReform #WillNeverHappen @SinnF√©in might clarify but I doubt it. Are they stuffed with them too?",,#FineGael #FiannaF #SinnF #InsuranceReform #WillNeverHappen,https://twitter.com/jimfitzpatrick/status/1224318393974550528
2020-02-03 13:06:18,AMG_Aviles,,0,0,"Ireland's economic growth is an example for the rest of the EU. If the economy fails, everything fails. What this country achieved in just a few years is huge. #GE2020 Go #FineGael go Leo Varadkar!",,#GE2020 #FineGael,https://twitter.com/AMG_Aviles/status/1224318192601968640
2020-02-03 12:54:14,AnRi42338905,irishexaminer,0,0,A really big risk for arrogant #finegael #FiannaFail Running scared of change....,,#finegael #FiannaFail,https://twitter.com/AnRi42338905/status/1224315153983975424
2020-02-03 12:52:36,AnRi42338905,irishexaminer,0,0,#finegael #FiannaFail A hospital built in 10 days. H. E. L. L. O,,#finegael #FiannaFail,https://twitter.com/AnRi42338905/status/1224314746599616515
2020-02-03 12:52:30,jimfitzpatrick,FineGael,0,15,"Not #FineGael. Two words: Moriarty Tribunal @MoriartyTrib deliberately buried to allow you guys reward your fav corrupt crim with vast transfer of Irish state assets worth BILLIONS into his deep pockets. Do you think we are all blind, deaf and dumb? #IrishWater #SiteServ #Actavo",,#FineGael #IrishWater #SiteServ #Actavo,https://twitter.com/jimfitzpatrick/status/1224314720708112384
2020-02-03 12:52:05,accasinfo,,1,3,Minister Paul Kehoe has spent the last 4 years allowing serving & former personnel from #IrishAirCorps die unnecessarily. @campaign4kehoe has blood on his hands. He doesn't deserve re-election. #77Dead #DontVote4Kehoe #Wexford #DelayDenyDie #GE2020 #FineGael @EastVeterans,@campaign4kehoe @EastVeterans,#IrishAirCorps #77Dead #DontVote4Kehoe #Wexford #DelayDenyDie #GE2020 #FineGael,https://twitter.com/accasinfo/status/1224314614441226240
2020-02-03 12:36:55,watbanner,GeckoPolitical,1,0,Nah #RoryCowan thinks #FineGael are. Despite the evidence #housingcrisis #healthcrisis #socialcare #mentalhealth #education #disabilities #Childcare crisises That each contribute to #homelessness #BroadLeftCoalition now possible #Election2020,,#RoryCowan #FineGael #housingcrisis #healthcrisis #socialcare #mentalhealth #education #disabilities #Childcare #homelessness #BroadLeftCoalition #Election2020,https://twitter.com/watbanner/status/1224310797091950593
2020-02-03 12:30:55,PFQMUSIC,,38,50,I am certain that #FineGael will have some dirty filthy attacking plan lined up this week to attempt to claw back the election. Aided and abetted by sections of our media. I can feel it coming. #GE2020,,#FineGael #GE2020,https://twitter.com/PFQMUSIC/status/1224309286802731015
2020-02-03 12:23:10,Jimmumbly,IrishTimes,0,0,And in today's episode of why #FiannaFail or #FineGael should never be allowed in power ever again.... #GE2020,,#FiannaFail #FineGael #GE2020,https://twitter.com/Jimmumbly/status/1224307339584471046
2020-02-03 12:22:14,CollieMcLovin,,0,0,The last two #FineGael governments have destroyed the social floor. #RestoreTheFloor #GE2020,,#FineGael #RestoreTheFloor #GE2020,https://twitter.com/CollieMcLovin/status/1224307104867147776
2020-02-03 12:06:10,Kishlight,FineGael,0,0,"You're right, once again. We need to go forward, get better healthcare for all, housing, control banking,taxation for uber wealthy, We definitely need to move forward so use your vote to kick #FineGael &amp; #FiannaFail out for good so we can stop turning the clock back on citizens.",,#FineGael #FiannaFail,https://twitter.com/Kishlight/status/1224303061293772805
2020-02-03 12:05:44,DocMartinDub,caulmick,0,0,#Ireland #GE2020 We deserve better than #FineGael and #FinnaFail,,#Ireland #GE2020 #FineGael #FinnaFail,https://twitter.com/DocMartinDub/status/1224302949125496833
2020-02-03 12:00:21,JohnSupple8,,0,0,"#GeneralElection2020 #finegael #FiannaFail #SinnFein #Labour 5 Days to Election, no conclusion to CE SUPERVISORS Pensions Labour Court recommendation being ignored..1300 supervisors, 20,000 participants and communities nationwide all waiting on commitments.Respect CE Supervisors",,#GeneralElection2020 #finegael #FiannaFail #SinnFein #Labour,https://twitter.com/JohnSupple8/status/1224301597704040448
2020-02-03 11:45:39,Europapodcasts,,0,3,"Our #Eurochat Irish #Election2020 podcast special with guest Se√°n Glennon from @EuropeElects is live. We also talk British #Brexit exits, #HolocaustRemembranceDay &amp; our #EasternDialogue podcast. #GeneralElection2020 #finegael #SinnFein",@EuropeElects,#Eurochat #Election2020 #Brexit #HolocaustRemembranceDay #EasternDialogue #GeneralElection2020 #finegael #SinnFein,https://twitter.com/Europapodcasts/status/1224297895349932033
2020-02-03 11:29:25,PFQMUSIC,BryanMallonOFF,1,1,Never forget. Social change was the work of activists and educators. #FineGael #GE2020.,,#FineGael #GE2020,https://twitter.com/PFQMUSIC/status/1224293811179991040
2020-02-03 11:17:47,DavidHarries3,,0,0,What are the main issues in the #Ireland #GeneralElection2020 ? Positions of #FineGael #FiannaFail #SinnFein and any others. Thanks.,,#Ireland #GeneralElection2020 #FineGael #FiannaFail #SinnFein,https://twitter.com/DavidHarries3/status/1224290884734390274
2020-02-03 11:15:53,PFQMUSIC,Com_monsense,0,0,"Campaign for Kate. Or rather, vote this individual out. #FineGael #GE2020",,#FineGael #GE2020,https://twitter.com/PFQMUSIC/status/1224290407040921600
2020-02-03 11:00:42,ManachainO,Elainemca78,1,0,They are parasites Elaine #FiannaFail #FineGael .,,#FiannaFail #FineGael,https://twitter.com/ManachainO/status/1224286583827968000
2020-02-03 11:00:13,FINGALOLS,,0,1,'RIC controversy ‚Äòwill not help‚Äô #FineGael in town sacked by #BlackandTans' Balbriggan town County Fingal,,#FineGael #BlackandTans,https://twitter.com/FINGALOLS/status/1224286464436994050
2020-02-03 10:55:15,RiochtNaSaor,caulmick,0,2,"Of course not. The greedy selfish values of #leoliberalism take precedence over mundane events such as killing innocent people whom #finegael has made #homeless. If hell exists, Varooka &amp; his #Poshboys are in for an all expenses paid treat.",,#leoliberalism #finegael #homeless #Poshboys,https://twitter.com/RiochtNaSaor/status/1224285212798001152
2020-02-03 10:51:16,Almost_ironic,SOHare75,0,0,That still won't make me vote for #FineGael; I'm a marvel fan. ,,#FineGael,https://twitter.com/Almost_ironic/status/1224284211240165376
2020-02-03 10:42:54,wildrover4711,,0,1,"CE Supervisor causing havoc this week for #FineGael They are like a SUPERVIRUS. WHAT DO WE WANT A PENSION, WHEN DO WE WANT IT NOW. @TodaySOR @ingridmileyRTE @vincekearney #GE2020 #nopensionnovote",@TodaySOR @ingridmileyRTE @vincekearney,#FineGael #GE2020 #nopensionnovote,https://twitter.com/wildrover4711/status/1224282103258415104
2020-02-03 10:23:43,kerrigantweet,,0,0,Spotted the masked crusader on my way to work this morning... #Drogheda #Batman #leovaradkar #FineGael ,,#Drogheda #Batman #leovaradkar #FineGael,https://twitter.com/kerrigantweet/status/1224277276038172672
2020-02-03 08:47:44,Jimmumbly,,0,0,Don't forget that not long ago #FiannaFail abstained from voting in a motion of no confidence in Eoghan Murphy. They are as much to blame on the homeless crisis as the incompetent #FineGael party. #DontVoteFGFF #NotOneVote #GE2020,,#FiannaFail #FineGael #DontVoteFGFF #NotOneVote #GE2020,https://twitter.com/Jimmumbly/status/1224253120328409088
2020-02-03 02:34:58,tomasocarthaigh,,0,0,"We won't know until polling day: a week is long time in politics. #FineGael set to get a whipping, #SinnFein getting default protest vote which is fleeting as history has often shown, and #Aontu are getting a solid foundation in to grow from. https://www.redcresearch.ie/general-election-2020-younger-voters-flock-to-sinn-fein #GE2020",,#FineGael #SinnFein #Aontu #GE2020,https://twitter.com/tomasocarthaigh/status/1224159312035094529
2020-02-03 00:45:00,edwards_s,,0,0,@rtepolitics #rtetwip SF surging ahead for sure... but #brexit seems to have disappeared from the discourse. Who in #SinnFein would handle the Critical discussions with #BorisJohnson without plunging us into civil war in the next year? #FiannaFail #FineGael #Labour,@rtepolitics,#rtetwip #brexit #SinnFein #BorisJohnson #FiannaFail #FineGael #Labour,https://twitter.com/edwards_s/status/1224131638621282307
2020-02-03 00:36:26,RiochtNaSaor,RiochtNaSaor,0,0,I intended to do a remix of this - but my current #homeless situation prevents me from getting more creative with it. #ge2020 #GeneralElection2020 #evictions #homelesscrisis #finegael #right2housing,,#homeless #ge2020 #GeneralElection2020 #evictions #homelesscrisis #finegael #right2housing,https://twitter.com/RiochtNaSaor/status/1224129482648440832
2020-02-02 23:50:44,rosecaroline9,SimonHarrisTD,0,0,Speaking about backward change.. Abortion is barbaric .It is the taking of human life. #fineGael #VoteThemOut2020,,#fineGael #VoteThemOut2020,https://twitter.com/rosecaroline9/status/1224117981967536129
2020-02-02 23:19:35,sickboydub,,0,0,"Will Leo Varadkar and Michael Martin go unchallenged on the RTE Leaders Debate , or will Mary Lou McDonald, be there too #RTELeadersDebate #MaryLouToo #FiannaFail #FineGael #SinnFein #RTEboysclub",,#RTELeadersDebate #MaryLouToo #FiannaFail #FineGael #SinnFein #RTEboysclub,https://twitter.com/sickboydub/status/1224110143996076032
2020-02-02 23:13:58,coillteman,BigPaulieDoyle,0,1,"Like #FineGael these ads seem to be done in a hurry with not a lot of thought put into the landmines therein. It's a funny old game, Politics and very entertaining ..... time for leaba now ....",,#FineGael,https://twitter.com/coillteman/status/1224108728443723776
2020-02-02 22:46:46,NursepollyRgn,FineGael,1,1,Certainly not #FineGael or their twins #FiannaFail #GE2020,,#FineGael #FiannaFail #GE2020,https://twitter.com/NursepollyRgn/status/1224101883695988741
2020-02-02 22:40:00,coillteman,AndrewHennebry,0,0,"Aw yes, like the #homeless figures, it's a movable feast .... 10k becomes 8K #FineGael tackling homeless crisis the slogan we need ..... no no no .... don't mention crisis ......what crisis ....... don't mention the war ..... who mentioned Fawlty Towers ..... who turned off light",,#homeless #FineGael,https://twitter.com/coillteman/status/1224100182717018117
2020-02-02 22:37:03,sickboydub,,0,0,"Who will cry and beg people to vote for them live on TV first , before the Election is over , Micheal Martin or Leo Varadkar , the desperation is strong in these two #FiannaFail #MichealMartin #FineGael #leovaradkar #Theylldoanything",,#FiannaFail #MichealMartin #FineGael #leovaradkar #Theylldoanything,https://twitter.com/sickboydub/status/1224099437372477447
2020-02-02 22:18:15,Kishlight,NedoSullivan2,0,0,"Jaysus Ned, those #Nazis were the ultimate fascists and those Shinner #Blueshirts were giving it loads alright, hold on it was the #FineGael were the #IrishFacists, though that ultra Shimmer #OliverJFlanagan really tried! Sorry he was #FineGael too. Foot In Mouth Ned?",,#Nazis #Blueshirts #FineGael #IrishFacists #OliverJFlanagan #FineGael,https://twitter.com/Kishlight/status/1224094705975205889
2020-02-02 22:14:49,PintPlain,,1,0,We go live to Fine Gael HQ #downfall #ge2020 #finegael #votelefttransferleft https://youtu.be/uhPDk2CQQ84 via @YouTube,@YouTube,#downfall #ge2020 #finegael #votelefttransferleft,https://twitter.com/PintPlain/status/1224093845488619522
2020-02-02 21:58:00,rosecaroline9,FineGael,0,0,#FineGael The Abortion Party cant get one single vote from any Prolife voter. #GE2020 #newpolitics,,#FineGael #GE2020 #newpolitics,https://twitter.com/rosecaroline9/status/1224089612244717568
2020-02-02 21:54:58,wildrover4711,TeresaFitzsimo5,0,0,@LeoVaradkar your worried about CONTAGION. #FineGael problem this week is a SUPERVIRUS. Look at the Gratuity proposal for CE Supervisors that @ReginaDo sent @Paschald #nopensionnovote #GE2020 @rtenews @ingridmileyRTE @sinnfeinireland @pb4p,@LeoVaradkar @ReginaDo @Paschald @rtenews @ingridmileyRTE @sinnfeinireland @pb4p,#FineGael #nopensionnovote #GE2020,https://twitter.com/wildrover4711/status/1224088846536757253
2020-02-02 21:54:36,macdarabutler,,0,0,Good match with Maria Byrne #FineGael Kieran O'Donnell #FineGael http://www.whichcandidate.ie/voters/152772 #via @whichcandidate,@WhichCandidate,#FineGael #FineGael,https://twitter.com/macdarabutler/status/1224088754257829889
2020-02-02 20:58:41,loudymay,michaeldarcy,1,0,"Mr. D‚ÄôArcy , you make it sound as if the Government was paying the increase.!! The Employer is , and many of them can‚Äôt afford it . Let‚Äôs see how many jobs it costs . Another #GE2020 stunt from #FineGael.",,#GE2020 #FineGael,https://twitter.com/loudymay/status/1224074683043082240
2020-02-02 20:51:01,ComedyLeitrim,,0,0,Wow...Leo of #FineGael will cake walk to Victory in #GE2020 in Ireland... #GrahamNorton will sensationally reveal at #BAFTAs tonight #LeoVaradkar/his Husband Matt will pose as naked #backwoodsmen in next issue of Gay Times. Whole country will buy ..and wipe their arses with it..,,#FineGael #GE2020 #GrahamNorton #BAFTAs #LeoVaradkar #backwoodsmen,https://twitter.com/ComedyLeitrim/status/1224072753101332480
2020-02-02 20:45:55,LeftyIrishBear,,0,1,Im voting for a #FineGael candidate @MarcellaCK - she's great TD- great help on #Marref and #WomensRights in #LSOY but I don't want Leo to be Taoiseach #GE2020,@MarcellaCK,#FineGael #Marref #WomensRights #LSOY #GE2020,https://twitter.com/LeftyIrishBear/status/1224071469807869952
2020-02-02 20:41:57,LeftyIrishBear,,0,0,I see #FineGael have copped on and added Simon to the posters-Leo is only a vote getter in woke D4 #GE2020,,#FineGael #GE2020,https://twitter.com/LeftyIrishBear/status/1224070474059087875
2020-02-02 20:41:21,smoovemoooves,,0,1,"@VoteJohn2020 #FineGael et al,want go grow the market so they can sell more crap to more idiots using cheap imported labour, meanwhile destabilizing and destroying the nation, and subsequently muting all opposition by ""replacing"" them and curtailing all FREE SPEECH.",@VoteJohn2020,#FineGael,https://twitter.com/smoovemoooves/status/1224070320446955527
2020-02-02 20:40:55,hegarty_ruth,ddiezworld,1,0,This is #finegael. This is not the first time that #racism has raised its ugly head from,,#finegael #racism,https://twitter.com/hegarty_ruth/status/1224070213752229896
2020-02-02 20:36:15,NursepollyRgn,NursepollyRgn,1,0,"#pineapplepizza the clear winner, #DublinCoddle not too shabby, #FineGael and #FiannaFail pitiful #GE2020 üççüçïüôåüèªüôåüèª",,#pineapplepizza #DublinCoddle #FineGael #FiannaFail #GE2020,https://twitter.com/NursepollyRgn/status/1224069037673590784
2020-02-02 20:36:04,EmmaMurphy12150,FineGael,0,4,Not you. I #LookForward to #FineGael being turfed out of office next weekend. #GE2020,,#LookForward #FineGael #GE2020,https://twitter.com/EmmaMurphy12150/status/1224068990810689541
2020-02-02 20:31:09,Kanley5tubrick,Billy_Timmins,0,0,I saw this today. Its not looking good.... #GeneralElection2020 #timminstime #timefortimmins #FineGael #losers,,#GeneralElection2020 #timminstime #timefortimmins #FineGael #losers,https://twitter.com/Kanley5tubrick/status/1224067755923648513
2020-02-02 20:28:32,ComhraDublin,FineGael,0,0,"At the rate #FineGael are replacing us, its not even going to be ""our country"" in 5 years.",,#FineGael,https://twitter.com/ComhraDublin/status/1224067096285413377
2020-02-02 20:24:28,DukeORiordan,,1,0,"I will return home and vote for whatever political party re-introduces ""Wibbly Wobbly Wonders"" to shops. You have my terms. Your move politicians. #FiannaFail #FineGael #irishelection",,#FiannaFail #FineGael #irishelection,https://twitter.com/DukeORiordan/status/1224066071566716928
2020-02-02 20:15:54,DrVB9,,0,0,#LeoVaradkar #Brexit EU could have had good deal with May. But Leo‚Äôs smirking games have landed #Brussels with hardline #Boris. Some ‚Äòsuccess‚Äô for #FineGael Clowns. Now reap the reward #EU,,#LeoVaradkar #Brexit #Brussels #Boris #FineGael #EU,https://twitter.com/DrVB9/status/1224063916805951488
2020-02-02 19:51:22,morkedata,GCraughwell,0,0,De day #SF goes anywhere with #FineGael will make #Labour‚Äôs wipeout look like an #Olympics gold. There will be no real chaGE in #Irish politics until #FF &amp; #FG are forced into coalition. Anything else a short time solution,,#SF #FineGael #Labour #Olympics #Irish #FF #FG,https://twitter.com/morkedata/status/1224057744979845120
2020-02-02 19:28:27,PFQMUSIC,dmc_fadden,3,12,"Shame on Ivan Yates for this remark but having earned his pension and perks at #FineGael trough, ont can understand well how he would have this type of jaundiced view. ",,#FineGael,https://twitter.com/PFQMUSIC/status/1224051977455390722
2020-02-02 19:20:31,Seanfhear59,TheSun,0,0,#FineGael TDs with their snouts in the trough begin to clear out of their parliamentary offices in anticipation of a wipe out. #GE2020 #Karma #PayBackTime,,#FineGael #GE2020 #Karma #PayBackTime,https://twitter.com/Seanfhear59/status/1224049979121176577
2020-02-02 19:06:44,jazz_maxy,,0,0,#GE2020 not looking good for #FineGael even the dogs know they are dead in the ditch ,,#GE2020 #FineGael,https://twitter.com/jazz_maxy/status/1224046509982961665
2020-02-02 19:00:51,KevinOB48969047,ClareOC_,0,0,What #FineGael actually believe. Plebs don‚Äôt want housing. ,,#FineGael,https://twitter.com/KevinOB48969047/status/1224045029846605829
2020-02-02 18:59:40,maryswitzer666,colettebrowne,0,0,"Sinn Fein are @simoncoveney #FineGael only for northern Ireland, no respect from either party when they are south ....I wonder why?",@simoncoveney,#FineGael,https://twitter.com/maryswitzer666/status/1224044732743024643
2020-02-02 18:59:02,KevinOB48969047,quiatimet,0,0,They‚Äôre just saying what #FineGael believe. #eoghanmurphy has proven that they have no interest in housing people.,,#FineGael #eoghanmurphy,https://twitter.com/KevinOB48969047/status/1224044573976154113
2020-02-02 18:53:43,KevinOB48969047,DrHalpinstein,1,0,"Stack ‚Äòem high, as #eoghanmurphy would say, it‚Äôs an exciting opportunity for novel life experiences, co-sharing is the #FineGael solution to plebs wanting to live away from their mammies and daddies",,#eoghanmurphy #FineGael,https://twitter.com/KevinOB48969047/status/1224043235351433217
2020-02-02 18:50:54,davewalshphoto,Independent_ie,0,0,"Considering #Ireland has the lowest tree cover in Europe, does explain the #FineGael reticence in reforesting the country? #GE2020",,#Ireland #FineGael #GE2020,https://twitter.com/davewalshphoto/status/1224042526300082178
2020-02-02 17:56:22,stephenkearney7,,1,0,Who the fuck is running fine gaels social media campain? Gerry Adams? #GeneralElection2020 #FineGael #GE20,,#GeneralElection2020 #FineGael #GE20,https://twitter.com/stephenkearney7/status/1224028801774051329
2020-02-02 17:53:08,AngryIrishman_,,0,0,I will have no sympathy for anybody in this country if they vote #fiannafail or #FineGael in the upcoming election. Ireland deserves every bit of misery coming their way without sympathy if either of these 2 are voted in. Want change for the better? Vote #SinnFein #SinnF√©in,,#fiannafail #FineGael #SinnFein #SinnF,https://twitter.com/AngryIrishman_/status/1224027988506955782
2020-02-02 17:38:44,CWKKfinegael,,1,1,Only days until polling day on Saturday February 8th! üó≥ ‚úÖ TD Pat Deering (Carlow) ‚úÖ TD John Paul Phelan (Kilkenny) ‚úÖ Cllr Patrick O‚ÄôNeill (Kilkenny) Here is your #FineGael team for Carlow/Kilkenny! #LookForward #VoteFineGael,,#FineGael #LookForward #VoteFineGael,https://twitter.com/CWKKfinegael/status/1224024364657664003
2020-02-02 17:34:22,avrillynch82,FineGael,0,0,Not #FineGael anyway,,#FineGael,https://twitter.com/avrillynch82/status/1224023267515813888
2020-02-02 17:26:59,CormacComedy,,0,0,"In continuing on my election coverage, I asked members of Fine Gael if they are any craic on a night out. Here's what they all said unequivocally: #FineGael #GE2020 #GeneralElection",,#FineGael #GE2020 #GeneralElection,https://twitter.com/CormacComedy/status/1224021406515634182
2020-02-02 16:33:27,sheeplicker,,0,0,"@FineGael why have you pushed Mr Harris and Mr Murphy to the side ü§î haven't seen sight or sound of them since the election was announced #Elections2020 especially Harris as he can talk the talk mostly verbal diarrhea, but he is a very articulate young buck full of üí© #FineGael",@FineGael,#Elections2020 #FineGael,https://twitter.com/sheeplicker/status/1224007937514987527
2020-02-02 16:23:00,hannibalthehat,scrahallia,0,0,"Keep going. It‚Äôs priceless, the PissTake that keeps on giving/pissing #pissTake #FineGael",,#pissTake #FineGael,https://twitter.com/hannibalthehat/status/1224005304586850311
2020-02-02 15:35:55,hegarty_ruth,angiebeeb,0,6,Remember when #endakenny of #finegael said it was immoral to tax a person home? Then promptly taxed it? #liars and #spin artists.,,#endakenny #finegael #liars #spin,https://twitter.com/hegarty_ruth/status/1223993458488172544
2020-02-02 15:32:00,ismisemikaela_,ismisemikaela_,0,0,I think it‚Äôs quite fitting to bring this tweet back 6 days before the elections. If you don‚Äôt want the rich to keep getting richer and the poor to get poorer then don‚Äôt fucking vote for these creatures. #GE2020 #FineGael ,,#GE2020 #FineGael,https://twitter.com/ismisemikaela_/status/1223992469261557762
2020-02-02 15:19:00,niallcarsonpa,,0,2,Lengthy engagement and selfies ........ Taoiseach @LeoVaradkar and #FineGael candidate @gabmcfadden on the campaign trail in Athlone shopping centre in co Westmeath @pa #GE2020,@LeoVaradkar @gabmcfadden @PA,#FineGael #GE2020,https://twitter.com/niallcarsonpa/status/1223989200363704321
2020-02-02 15:08:50,PFQMUSIC,newschambers,2,2,Leo #Varadkar is a classist. We know. But what is a ‚Äòbackwoodsman‚Äô and do they have any choice in where they are born. Another size 10 foot in mouth moment from a wooly mammoth. #FineGael #GE2020,,#Varadkar #FineGael #GE2020,https://twitter.com/PFQMUSIC/status/1223986640433156096
2020-02-02 15:05:08,Grexnix,newschambers,0,0,Well there's an awful lot of arseholes in #FineGael. Much of a muchness.,,#FineGael,https://twitter.com/Grexnix/status/1223985708664262656
2020-02-02 14:57:03,PFQMUSIC,rtetwip,1,0,‚ÄòWe want an EVEN BETTER society..‚Äô. Did he really say that? #FineGael #GE2020,,#FineGael #GE2020,https://twitter.com/PFQMUSIC/status/1223983675102105601
2020-02-02 14:36:37,jimfitzpatrick,,2,9,"'Shadowy figures' in #SinnF√©in? What about #FineGael crony, backroom boy OBribe? Maybe ask @EndaKennyTD @RichardBrutonTD about vast multi-billions of OUR state assets given to OBribe since, and despite, corruption findings of #MoriartyTribunal #CorruptionRules",@EndaKennyTD @RichardbrutonTD,#SinnF #FineGael #MoriartyTribunal #CorruptionRules,https://twitter.com/jimfitzpatrick/status/1223978534563196928
2020-02-02 14:07:05,loudymay,sophianictract,1,0,I don‚Äôt believe the polls are overstating it however they will have to do everything possible to make sure their core vote comes out The wind is at their back. #SinnFein #FineGael #FiannaFail. The rhetoric for this week will be ‚ÄúSinn Fein can‚Äôt form a Government ‚Äú #GE2020,,#SinnFein #FineGael #FiannaFail #GE2020,https://twitter.com/loudymay/status/1223971101069496321
2020-02-02 13:01:32,ComedyLeitrim,,0,0,Minister for Crime & Narco Gangs #charlieflanagan here.. Put #FineGael/Greens/Labour/solidarity in #GE2020 Our Liberal Trash under #Varadkar will turn #Dublin #Ireland into #SanFrancisco as under #Democrats (We'll live with #SiliconValley billionaires in Mansions in #Dalkey.,,#charlieflanagan #FineGael #GE2020 #Varadkar #Dublin #Ireland #SanFrancisco #Democrats #SiliconValley #Dalkey,https://twitter.com/ComedyLeitrim/status/1223954605245190145
2020-02-02 12:48:20,ruthactyahooie1,AindriuB,0,0,Sums up the feelings when #finegael are in power.,,#finegael,https://twitter.com/ruthactyahooie1/status/1223951284115595264
2020-02-02 12:12:37,urlofcork,,0,0,"BREAKING #fiannafail #finegael blame #sinnfein for the #Coronarivus "" They have always been fellow travellers with the heathen Communists "" a spokesman for both parties said #weekendonone",,#fiannafail #finegael #sinnfein #Coronarivus #weekendonone,https://twitter.com/urlofcork/status/1223942293784342529
2020-02-02 11:56:36,jackdawtk13,Paschald,0,0,The end is nigh #FineGael,,#FineGael,https://twitter.com/jackdawtk13/status/1223938263926411266
2020-02-02 11:55:06,bnlzooropa,FitzgeraldFrncs,0,3,Sitting at 21% with Sinn F√©in joint 2nd at 25% That has got to seriously hurt the party egos. #GE2020 #FineGael #SinnFein,,#GE2020 #FineGael #SinnFein,https://twitter.com/bnlzooropa/status/1223937888339079168
2020-02-02 11:54:34,urlofcork,MadTaoiseach,1,0,"Nephews in Oz, the http://U.Ss Canada this was due to #FF running the economy off a cliff even a dumb #Cork man like me could see a crash coming years before it did. #FiannaFail wrecked the economy, #FineGael wrecked Society #SinnFein tried to blow up the gaff üòÄ",,#FF #Cork #FiannaFail #FineGael #SinnFein,https://twitter.com/urlofcork/status/1223937753156661248
2020-02-02 11:52:38,dillon_pm,,0,0,"What #FineGael &amp; #FiannaFail have done us for our national debt and interest payments. Ireland now the 2nd most indebted country in the world per capita. Great management the tell you...In the past, present &amp; future. Trust us they sayü§£ü§£ü§£ü§£ #GE2020 #Change",,#FineGael #FiannaFail #GE2020 #Change,https://twitter.com/dillon_pm/status/1223937264750944261
2020-02-02 11:51:02,AudieDubaire,,0,1,This is sickening absolute shame on u @LeoVaradkar #FineGael ,@LeoVaradkar,#FineGael,https://twitter.com/AudieDubaire/status/1223936864035405824
2020-02-02 11:50:37,watbanner,,0,0,"#BrendanOConnor ü§î Surprised #SinnF√©in gaining over #FineGael As if decimated #publichousing #publictransport #publichealth NO public #childcare is not causing high cost of living, distress &amp; anguish to many in #Ireland #VoteThemAllOut #FFFG #BROADLEFTCOALITION #TimeIsNow ‚úä https://twitter.com/EOBroin/status/1223764033901420553",,#BrendanOConnor #SinnF #FineGael #publichousing #publictransport #publichealth #childcare #Ireland #VoteThemAllOut #FFFG #BROADLEFTCOALITION #TimeIsNow,https://twitter.com/watbanner/status/1223936760423600134
2020-02-02 11:42:57,EvanMurphyCork,EvanMurphyCork,0,0,There's @oconnellhugh &amp; @gavreilly basically endorsing my tweet from 6 days ago. #FineGael @simoncoveney #leadership,@oconnellhugh @gavreilly @simoncoveney,#FineGael #leadership,https://twitter.com/EvanMurphyCork/status/1223934828938190851
2020-02-02 11:29:36,irishphotodesk,,0,0,#Election2020 #FineGael #leovaradkar wonder which came first.... The attempted arson or the clowning ?,,#Election2020 #FineGael #leovaradkar,https://twitter.com/irishphotodesk/status/1223931470223417344
2020-02-02 11:19:55,nevinjamie,Paschald,0,0,"Seriously, who is in charge of the #FineGael social media strategy? This will be studied in classrooms in years to come on how NOT to engage an electorate. The no to #SinnFein video is just an invitation to lampoon",,#FineGael #SinnFein,https://twitter.com/nevinjamie/status/1223929034125475841
2020-02-02 11:16:51,oreillyniall,,0,0,"5 days of campaigning left to #GE2020. The polls say we're heading for #FiannaFail in power with #SinnFein, with #FineGael ranked 3rd. Out on the canvass the mood is for change in political establishment. Expecting a blood bath. Nevertheless, a week is a long time in politics",,#GE2020 #FiannaFail #SinnFein #FineGael,https://twitter.com/oreillyniall/status/1223928262763655168
2020-02-02 11:10:37,oheochaidh,,0,0,#fiannafail #finegael #offtherecord the arrogance of the leaders ruling out coalition before any votes are even cast. The bigger question is will either Leo or Michael serve as tanaiste in a 3 party government with #marylou as tanaiste @NewstalkFM,@NewstalkFM,#fiannafail #finegael #offtherecord #marylou,https://twitter.com/oheochaidh/status/1223926690767949830
2020-02-02 10:56:49,oheochaidh,,0,0,@LeoVaradkar dear leo if after the election next week and the people of Ireland vote for #finegael and #sinnfein and give them the numbers to form a government maybe you should respect the people's wishes rather than your own personal feelings,@LeoVaradkar,#finegael #sinnfein,https://twitter.com/oheochaidh/status/1223923217687072768
2020-02-02 09:56:36,callythelurcher,jerrybuttimer,0,0,Experience in govt is no guarantee of competent government. #GE2020 #FineGael ,,#GE2020 #FineGael,https://twitter.com/callythelurcher/status/1223908065541574657
2020-02-02 09:54:31,PFQMUSIC,,0,1,Leo Varadkar was the death of #FineGael. #GE2020,,#FineGael #GE2020,https://twitter.com/PFQMUSIC/status/1223907539257122817
2020-02-02 09:51:11,kamfinsa,oconnellhugh,0,0,It's entirely possible that #FineGael and #FiannaFail will not have the necessary majority between them. Interesting times ahead. #GE20 #GE2020,,#FineGael #FiannaFail #GE20 #GE2020,https://twitter.com/kamfinsa/status/1223906700631138309
2020-02-02 09:50:31,hegarty_ruth,jenniledwell,1,0,All good Jenni. Pluggin away like all the rest. Let‚Äôs hope this lot #finegael and #fiannafail sail down the river and disappear. But there is a lost generation of children growing up in hotels and #directprovision whose lives they have destroyed. üò•,,#finegael #fiannafail #directprovision,https://twitter.com/hegarty_ruth/status/1223906534104731649
2020-02-02 09:44:17,JohnSupple8,,0,0,@ReginaDo CE supervisors giving 20 and 30 years service to the community and leaving with nothing and the best word FG can come up with is Contagion...Google it...and you wonder why there is nationwide protests! #paschald #FineGael #leovaradkar #respectcesuperbisors #GE2020,@ReginaDo,#paschald #FineGael #leovaradkar #respectcesuperbisors #GE2020,https://twitter.com/JohnSupple8/status/1223904966047342593
2020-02-02 09:35:35,Camogieman,,0,0,Party People by Captain Moonlight #GE2020 #FiannaF√°il #FineGael #election2020 #Ireland #leovaradkar #michealmartin,,#GE2020 #FiannaF #FineGael #election2020 #Ireland #leovaradkar #michealmartin,https://twitter.com/Camogieman/status/1223902775236579328
2020-02-02 09:32:53,Camogieman,,0,0,Dirty Cunts #GE2020 #bertieahern #Michealmartin #leovaradkar #FiannaF√°il #FineGael #labourpartyireland #GE20,,#GE2020 #bertieahern #Michealmartin #leovaradkar #FiannaF #FineGael #labourpartyireland #GE20,https://twitter.com/Camogieman/status/1223902098284273667
2020-02-02 09:29:16,LisaLee79189531,taradeacy,0,0,#finegael should take a look at this and then scrap all their silly videos which I think will just turn voters off. All the 'acting' is very annoying. Too late now....#GE2020,,#finegael #GE2020,https://twitter.com/LisaLee79189531/status/1223901186371346432
2020-02-02 09:29:04,colly1510,,0,0,FG to be excluded from anymore debates!! #FineGael #GE2020 #notmytaoiseach #GeneralElection2020,,#FineGael #GE2020 #notmytaoiseach #GeneralElection2020,https://twitter.com/colly1510/status/1223901135481769985
2020-02-02 09:16:41,callythelurcher,lyda,0,0,Told FGers..i got a ‚Ç¨5 tax cut per week in last budget and they increased the carbon tax so no real tax cut..thats a #FineGael tax cut..told them hang on to those tax cuts and build more social housing..still didnt get it..,,#FineGael,https://twitter.com/callythelurcher/status/1223898018015055872
2020-02-02 09:15:02,wall_pit,,0,0,I blame #FineGael for the Gangs in dublin . They spend 9 years chasing Republicans for political purposes and forgetting about the dublin gangs and they let them expand and get outs of control #GeneralElection2020,,#FineGael #GeneralElection2020,https://twitter.com/wall_pit/status/1223897605509406725
2020-02-02 09:06:13,BeauOEire,,0,1,"#SinnFein #FineGael It's illegal to use a legal name. Legal fact. No joinder, no jurisdiction. #BCCRSS: https://birthcertificatefraud.wordpress.com You are not a legal name. Maxim of Law: Legality is not reality.",,#SinnFein #FineGael #BCCRSS,https://twitter.com/BeauOEire/status/1223895386437361664
2020-02-02 09:01:47,JohnSupple8,,0,4,Time to honour Labour court recomendations for pension rights for CE Supervisors. Protests at events and candidates offices to escalate this week..false promises by FG. #respect CE SUPERVISORS #FineGael #SinnFein #GE2020 #FiannaFail #LabourParty #nopensionnovote,,#FineGael #SinnFein #GE2020 #FiannaFail #LabourParty #nopensionnovote,https://twitter.com/JohnSupple8/status/1223894270244986880
2020-02-02 08:54:45,Brendan1Dunne,,0,0,#GE2020 Remember: The new children's hospital in Dublin was a great idea. Does it really matter who's in Government? #FiannaFail #FineGael #SinnFein #Labour #Independents #AAnother,,#GE2020 #FiannaFail #FineGael #SinnFein #Labour #Independents #AAnother,https://twitter.com/Brendan1Dunne/status/1223892501662138370
2020-02-02 08:26:29,1rorycowan,jasonomahony,8,3,"For all their promises about housing, taxation, homeless etc they say that a poll on Irish unity is a precondition for coalition. Before all their fake promises on making people‚Äôs lives better, this is their main aim. Will people buy into it? #SinnF√©in #FineGael #GE2020",,#SinnF #FineGael #GE2020,https://twitter.com/1rorycowan/status/1223885384456790016
2020-02-02 08:23:23,lennyc81,,0,0,@susankeoghnews these political debates are no different to love island or I‚Äôm a celebrity. They‚Äôre reality tv shows and nothing else. A load of desperate people crying out for your votes to keep them in the game a little bit longer üôÑ #GE2020 #SinnFein #FiannaFail #FineGael,@susankeoghnews,#GE2020 #SinnFein #FiannaFail #FineGael,https://twitter.com/lennyc81/status/1223884608288194563
2020-02-02 08:16:53,oheochaidh,,0,0,"@susankeoghnews @NewstalkFM the Belfast agreement was in 1998, all those children born between 1998 and 2002 are voters for this election, they did not grow up in the 80s. #finnafail and #finegael have not come to realise that yet. #GE2020 people want change this time around",@susankeoghnews @NewstalkFM,#finnafail #finegael #GE2020,https://twitter.com/oheochaidh/status/1223882969980506112
2020-02-02 08:07:08,oheochaidh,,0,0,#GE2020 today's poll comes true next week we will be looking at a new leader of #finegael if they are not in government,,#GE2020 #finegael,https://twitter.com/oheochaidh/status/1223880516094648320
2020-02-02 07:57:31,Thegurudublin,,2,0,Will people actually vote SF or will they play it safe at the Ballot Box on Saturday? #opinionpoll #Election2020 #FineGael #FiannaFail #SinnFein #irishpolitics,,#opinionpoll #Election2020 #FineGael #FiannaFail #SinnFein #irishpolitics,https://twitter.com/Thegurudublin/status/1223878097445015552
2020-02-02 07:36:32,hegarty_ruth,NedoSullivan2,1,1,Nothing could be worse than #FineGael and #FiannaFail where have you been these last few years? Our society is destroyed by these neoliberals. #homeless #hospitals #childpoverty #directprovision cuts to #disability. The list is endless. OUT.,,#FineGael #FiannaFail #homeless #hospitals #childpoverty #directprovision #disability,https://twitter.com/hegarty_ruth/status/1223872814970740737
2020-02-02 05:45:47,Kishlight,,0,0,"@finegael @LeoVaradkar @Paschald Were the lads who came up with the #FineGael ""NO"" video sniffing glue when they arrived at that great idea.üòÇ By the way don't be disheartened by the polls, because nobody else is!ü§£ü§£",@FineGael @LeoVaradkar @Paschald,#FineGael,https://twitter.com/Kishlight/status/1223844945049636868
2020-02-02 04:03:32,2legged,damienmulley,0,0,"Benny Hill remix of that That ""@Paschald gathers a crowd of zero"" video üòÇü§£#GE2020 #FineGael ",@Paschald,#GE2020 #FineGael,https://twitter.com/2legged/status/1223819213841801217
2020-02-02 03:20:46,KeepinItSureal,lukeming,0,0,I‚Äôve been beating this drum since day one Luke. We‚Äôve hashtags we can win with. The people of Ireland deserve it. Let‚Äôs make it happen. #Ireland #GE20 #FineGael #FiannaFail #VoteThemOut #NotOnePreference #VoteForChange #BreakTheCycle #PeoplePower #Dail #GE2020 #Election2020 #,,#Ireland #GE20 #FineGael #FiannaFail #VoteThemOut #NotOnePreference #VoteForChange #BreakTheCycle #PeoplePower #Dail #GE2020 #Election2020,https://twitter.com/KeepinItSureal/status/1223808450729254914
2020-02-02 02:20:49,WayneJacob6,,0,0,"#FineGael seeing the latest #RedPoll figures.... ‚ÄúRelease the videos‚Äù üòÇüòÜ don‚Äôt, just don‚Äôt. They‚Äôre cat.",,#FineGael #RedPoll,https://twitter.com/WayneJacob6/status/1223793361817079808
2020-02-02 02:03:46,aburnsmoves,,0,0,Why Fine Gael because progress is for all. If you‚Äôre like me you get off your arse and go do something about it. If you‚Äôre in need you talk to someone in FG like me and get help. We all need someone with a Fine Gael outlook. #GE2020 #LookForward #FineGael,,#GE2020 #LookForward #FineGael,https://twitter.com/aburnsmoves/status/1223789072021446656
2020-02-02 01:58:27,aburnsmoves,,0,0,Months of slog and the next thing we broke through 100s started turning up. Good Advocacy hard work and everyone seemed to be benefiting #GE2020 #LookForward #FineGael,,#GE2020 #LookForward #FineGael,https://twitter.com/aburnsmoves/status/1223787733941981189
2020-02-02 01:54:47,aburnsmoves,,0,0,We gave it everything to keep things going but it was that Fine Gael mentality haunting us again. We had been defeated in #LE19 but were still capable. Defeated but no less responsible. Our sense of civic duty was tying itself into our DNA. #GE2020 #LookForward #FineGael,,#LE19 #GE2020 #LookForward #FineGael,https://twitter.com/aburnsmoves/status/1223786811090243584
2020-02-02 01:50:56,aburnsmoves,,0,0,We knew the problem with the decrease in numbers was communication....strategic communication....advocacy...... there was no way in hell we were letting this parkrun fade even slightly. From #LE19 we knew how to make noise. #GE2020 #LookForward #FineGael,,#LE19 #GE2020 #LookForward #FineGael,https://twitter.com/aburnsmoves/status/1223785844475092992
2020-02-02 01:48:00,aburnsmoves,,0,0,The numbers were starting to glide down. We‚Äôd been there from the start of and just assumed ut would be fine. #GE2020 #LookForward #FineGael,,#GE2020 #LookForward #FineGael,https://twitter.com/aburnsmoves/status/1223785105627459585
2020-02-02 01:46:43,aburnsmoves,,0,0,It was around here that we really took heed of @theglenparkrun . The intervention parkrun. #GE2020 #LookForward #FineGael,@theglenparkrun,#GE2020 #LookForward #FineGael,https://twitter.com/aburnsmoves/status/1223784783249055744
2020-02-02 01:45:29,aburnsmoves,,0,0,If we did nothing nothing would happen. #GE2020 #LookForward #FineGael,,#GE2020 #LookForward #FineGael,https://twitter.com/aburnsmoves/status/1223784471088041985
2020-02-02 01:42:58,aburnsmoves,,0,0,In #LE19 we met people who couldn‚Äôt advocate effectively for themselves or their community. I was shocked. I grew up in Togher on the 90s a disadvantaged area. I had seen this before. Somehow my parents managed to coach us onto a different path. #GE2020 #LookForward #FineGael,,#LE19 #GE2020 #LookForward #FineGael,https://twitter.com/aburnsmoves/status/1223783836376621056
2020-02-02 01:39:42,aburnsmoves,,0,0,As our relationship grew it was apparent to became apparent to me that I was capable of advocating for myself. Julie pointed this out to me. You carry a Trinity embossed bank card and your email says @tcddublin like it or not but this helps you. #GE2020 #LookForward #FineGael,@tcddublin,#GE2020 #LookForward #FineGael,https://twitter.com/aburnsmoves/status/1223783018189479937
2020-02-02 01:36:06,aburnsmoves,,0,0,I think @julieoleary90 played a big role in making me feel what irish people need and want. ‚ÄòYou can‚Äôt just sit there and have as much knowledge and determination as you do and do nothing ....send the ladder. back down‚Äô #GE2020 #LookForward #FineGael,@julieoleary90,#GE2020 #LookForward #FineGael,https://twitter.com/aburnsmoves/status/1223782108331675650
2020-02-02 01:31:55,aburnsmoves,,0,0,I‚Äôm going to finish soon. It‚Äôs funny because until 2016 I was barely a politico. I always voted but otherwise my day to day was devoted to career and family. I spent most of my spare time working hard on my knowledge base and sharpening it. #GE2020 #LookForward #FineGael,,#GE2020 #LookForward #FineGael,https://twitter.com/aburnsmoves/status/1223781059483049984
2020-02-02 01:26:59,aburnsmoves,,0,0,Are we not going to talk to people about the major social issues under Fianna F√°il? Are we just going to pretend the womans role in the home is not still in our constitution? #GE2020 #LookForward #FineGael,,#GE2020 #LookForward #FineGael,https://twitter.com/aburnsmoves/status/1223779817558102017
2020-02-02 01:23:36,aburnsmoves,,0,1,Half of the Fianna F√°il party voted No in the 8th amendment campaign. I‚Äôm really worried here. Did they not trust families to make their own hard choices. Did they not care enough to make sure help was available?? How does that play out in power? #GE2020 #LookForward #FineGael,,#GE2020 #LookForward #FineGael,https://twitter.com/aburnsmoves/status/1223778966336671744
2020-02-02 01:19:50,aburnsmoves,,0,1,"I want progress/change and I see it in Fine Gael. The social reforms Marriage Equality, the 8th Amendment, Divorce referendum and to a lesser extent Blasphemy. #GE2020 #LookForward #FineGael",,#GE2020 #LookForward #FineGael,https://twitter.com/aburnsmoves/status/1223778018616840193
2020-02-02 01:16:48,aburnsmoves,,0,1,Leo may not be worried about the polls but I am. I see Facebook memories from 10 years ago and I‚Äôm still saying he or she lives abroad. With Fine Gael they stand a chance of coming home. With Fianna F√°il we‚Äôll soon be sending people to join them #GE2020 #LookForward #FineGael,,#GE2020 #LookForward #FineGael,https://twitter.com/aburnsmoves/status/1223777251147288577
2020-02-02 00:07:04,yodastuart,,3,4,#FineGael are targeting people on Facebook. This is leading people on. Bad tactics #SinnFein @MaryLouMcDonald,@MaryLouMcDonald,#FineGael #SinnFein,https://twitter.com/yodastuart/status/1223759705111220224
2020-02-02 00:03:32,padycork,GeneKerrigan,0,0,"This is so pathetic, who is doing their PR? He is so removed from reality and a bore into the bargain. #FineGael you're losing even more people with this dribble.",,#FineGael,https://twitter.com/padycork/status/1223758816883417090
